"id","name","description","actionType","energyCost","keywordIds","rarity","isObtainable","isBasicAction","isStarterCard"
"move_up_001","위 이동","위로 {effect1.value}칸 이동한다.","이동","0","","일반","FALSE","TRUE","TRUE"
"move_down_001","아래 이동","아래로 {effect1.value}칸 이동한다.","이동","0","","일반","FALSE","TRUE","TRUE"
"move_left_001","왼쪽 이동","왼쪽으로 {effect1.value}칸 이동한다.","이동","0","","일반","FALSE","TRUE","TRUE"
"move_right_001","오른쪽 이동","오른쪽으로 {effect1.value}칸 이동한다.","이동","0","","일반","FALSE","TRUE","TRUE"
"guard_001","방어","{effect1.durationSlots}개 행동 슬롯 동안 받는 피해를 {effect1.value} 감소시킨다.","방어","0","","일반","FALSE","TRUE","TRUE"
"breathing_001","숨고르기","에너지를 {effect1.value} 회복한다.","회복","0","","일반","FALSE","TRUE","TRUE"
"slash_001","베기","범위 내 모든 적에게 피해 {effect1.value}을 준다.","공격","10","direction_select","일반","FALSE","FALSE","TRUE"
"thrust_001","찌르기","범위 내 모든 적에게 피해 {effect1.value}을 준다.","공격","15","direction_select","일반","FALSE","FALSE","TRUE"
"sweep_001","횡베기","범위 내 모든 적에게 피해 {effect1.value}을 준다.","공격","20","direction_select","일반","FALSE","FALSE","TRUE"
