"id","cardId","resolutionOrder","effectType","value","durationSlots","rangeOffsets","fixedDirection","targetType"
"move_up_001_effect_01","move_up_001","1","move","1","0","(0,1)","상","자신"
"move_down_001_effect_01","move_down_001","1","move","1","0","(0,-1)","하","자신"
"move_left_001_effect_01","move_left_001","1","move","1","0","(-1,0)","좌","자신"
"move_right_001_effect_01","move_right_001","1","move","1","0","(1,0)","우","자신"
"guard_001_effect_01","guard_001","1","guard","10","1","(0,0)","","자신"
"breathing_001_effect_01","breathing_001","1","energyRestore","20","0","(0,0)","","자신"
"slash_001_effect_01","slash_001","1","damage","10","0","(0,0);(0,1)","","적"
"thrust_001_effect_01","thrust_001","1","damage","15","0","(0,0);(0,1);(0,2)","","적"
"sweep_001_effect_01","sweep_001","1","damage","10","0","(0,0);(-1,1);(0,1);(1,1)","","적"
